VideoGameName,PC_Windows,PC_MAC,Playstation,NintendoSwitch,Xbox,Phone_Android,Phone_iPhone,Description,YoutubeTrailerLink,AgeRating,GenreCategory,NumberofPlayers,PopularityRating
Stardew Valley,1,1,1,1,0,1,1,You've inherited your grandfather's old farm plot in Stardew Valley. Armed with hand-me-down tools and a few coins you set out to begin your new life.,https://youtu.be/8A7A1X1TVNc,Everyone10+,Cozy,3 to 4,Overwhelmingly Positive
Age of Empires,1,1,0,0,0,0,0,Age of Empires requires the player to develop a civilization from a handful of hunter-gatherers to an expansive Iron Age Empire.,https://youtu.be/_rS_n3JVTPE,Teen13+,City Builder,5+,Very Positive
Phasmophobia,1,1,0,0,0,0,0,Paranormal activity is on the rise and it’s up to you and your team to use all the ghost-hunting equipment at your disposal in order to gather as much evidence as you can.,https://youtu.be/sRa9oeo5KiY,Teen13+,Horror,3 to 4,Overwhelmingly Positive
FATAL FRAME / PROJECT ZERO: Mask of the Lunar Eclipse,1,0,1,1,1,0,0,A group of children mysteriously disappeared during a festival on Rogetsu Isle. Although they were found they lost their memories. Now they have returned to the island as teenagers as they attempt to discover the truth of their haunting past.,https://youtu.be/H8K_4hgSHqI?si=p8FFKoY7cAslmaX3,Teen13+,Horror,1,Very Positive
Overcooked,1,1,1,1,0,0,0,Overcooked is a chaotic couch co-op cooking game for one to four players. Working as a team you and your fellow chefs must prepare cook and serve up a variety of tasty orders before the baying customers storm out in a huff.,https://youtu.be/Ob6VIECzAFk,Everyone,Puzzle/word/card,3 to 4,Very Positive
Civilization VI,1,1,1,1,1,1,1,Civilization is a turn-based strategy game in which you attempt to build an empire to stand the test of time. Become Ruler of the World by establishing and leading a civilization from the Stone Age to the Information Age.,https://www.youtube.com/watch?v=5KdE0p2joJw,Everyone10+,City Builder,3 to 4,Very Positive
Baldur's Gate 3,1,1,1,0,1,0,0,Gather your party and return to the Forgotten Realms in a tale of fellowship and betrayal sacrifice and survival and the lure of absolute power. Mysterious abilities are awakening inside you drawn from a mind flayer parasite planted in your brain,https://www.youtube.com/watch?v=XuCfkgaaa08,Mature17+,Adventure/RPG,3 to 4,Overwhelmingly Positive
Little Nightmares II,1,0,1,1,1,0,0,Little Nightmares II is a suspense adventure game in which you play as Mono a young boy trapped in a world that has been distorted by an evil transmission. Together with new friend Six he sets out to discover the source of the Transmission.,https://www.youtube.com/watch?v=AI9zBBTyX-E,Teen13+,Horror,1,Very Positive
Elden Ring,1,0,1,0,1,0,0,ELDEN RING Danger and discovery lurk around every corner in FromSoftware's largest game to-date.,https://www.youtube.com/watch?v=jentG1Cyp9s,Mature17+,Adventure/RPG,1,Very Positive
Valorant,1,0,0,0,0,0,0,A first-person shooter game consisting of two teams of five where one team attacks and the other defends.,https://www.youtube.com/watch?v=lWr6dhTcu-E,Teen13+,Shooter,5+,Very Positive
Splatoon 3,0,0,0,1,0,0,0,Splatoon online multiplayer (player versus player and player versus environment) alongside a single-player campaign all featuring combat based around ink.,https://www.youtube.com/watch?v=w7Kd2buXk-s,Everyone10+,Shooter,5+,Very Positive
Portal 2,1,1,1,1,1,0,0,Portal 2 is a first-person perspective puzzle game. The player takes the role of Chell in the single-player campaign as one of two robots—Atlas and P-Body—in the cooperative campaign or as a simplistic humanoid icon in community-developed puzzles.,https://www.youtube.com/watch?v=A88YiZdXugA,Everyone10+,Puzzle/word/card,1,Overwhelmingly Positive
It Takes Two,1,1,1,1,1,0,0,Play as the clashing couple Cody and May two humans turned into dolls by a magic spell. Trapped in a fantastical world they're reluctantly challenged with saving their fractured relationship by the suave love guru Dr. Hakim.,https://www.youtube.com/watch?v=GAWHzGNcTEw,Teen13+,Puzzle/word/card,2,Overwhelmingly Positive
Escape Simulator,1,1,0,0,0,0,0,Escape Simulator is a first-person puzzler. Explore a growing set of highly interactive escape rooms. Move furniture pick up and examine everything smash pots and break locks! Supports community-made rooms through the level editor.,https://www.youtube.com/watch?v=2VT7_tfRYV8,Everyone10+,Puzzle/word/card,3 to 4,Very Positive
Red Dead Redemption 2,1,0,1,0,1,0,0,After a robbery goes badly wrong in the western town Arthur Morgan and the gang are forced to flee. With federal agents and bounty hunters on their heels the gang must rob steal and fight their way across the rugged heartland of America in order to survive.,https://www.youtube.com/watch?v=eaW0tYpxyp0,Mature17+,Shooter,1,Very Positive
Nancy Drew: Treasure in the Royal Tower,1,0,0,0,0,0,0,Follow Ancient Clues to Find Marie Antoinette’s Legendary Secret!,https://youtu.be/Cd11PbSqA8o,Everyone,Cozy,1,Very Positive
Placid Plastic Duck Simulator,1,0,0,0,0,0,0,The ultimate high-tech rubber duck simulation Placid Plastic Duck brings you dangerous levels of relaxation. With chill music dreamy 3D graphics and many different happy ducks your only priority is to float around. Zero Ducks given.,https://youtu.be/F3rxONACxnQ,Everyone,Cozy,1,Overwhelmingly Positive
Grounded,1,0,1,0,1,0,0,The world is a vast beautiful and dangerous place – especially when you have been shrunk to the size of an ant. Can you thrive alongside the hordes of giant insects fighting to survive the perils of the backyard?,https://youtu.be/zBD-GS61Gto,Teen13+,Adventure/RPG,3 to 4,Very Positive
I Love Hue Too,0,0,0,0,0,1,1,A psychedelic journey into colour light and shape,https://youtu.be/7QnU3L_9BRU,Everyone,Cozy,1,Positive
Wordscapes,0,0,0,0,0,1,1,Relaxing Word Puzzle Game,https://youtu.be/gMEpreV-aGk,Everyone,Puzzle/word/card,1,Positive
In Silence,1,0,0,0,0,0,0,One player takes on the role of the monster who has hypersensitive hearing abilities and is almost completely blind. The other players(2-6) play as survivors trying to escape or hunting the monster.,https://youtu.be/vxs0_Opqh8w,Mature17+,Horror,5+,Mostly Positive
Mortuary Assistant,1,0,0,0,0,0,0,Alone with the dead... Embalm corpses banish demons save your soul.,https://youtu.be/VQp7HyQZQ5w,Mature17+,Horror,1,Very Positive
Dead by Daylight,1,0,1,0,1,0,0,Dead by Daylight is a multiplayer (4vs1) horror game where one player takes on the role of the savage Killer and the other four players play as Survivors trying to escape the Killer and avoid being caught and killed.,https://youtu.be/JGhIXLO3ul8,Mature17+,Horror,5+,Very Positive
The Sims 3,1,1,0,0,0,0,0,Create the perfect world with full customization at your fingertips. Refine personalities and help fulfill destinies.,https://youtu.be/o6gXiw5URNM,Teen13+,Cozy,1,Very Positive
Forza Horizon 5,1,0,0,0,1,0,0,Explore the vibrant open world landscapes of Mexico with limitless fun driving action in the world’s greatest cars.,https://youtu.be/FYH9n37B7Yw,Everyone,Racing,5+,Very Positive
Need for Speed,1,0,1,0,1,0,0,Ready to own the streets? Get behind the wheel of iconic cars and floor it through Ventura Bay a sprawling urban playground,https://youtu.be/2FhCCBXhNr4,Teen13+,Racing,5+,Mostly Positive
Gauntlet: Slayer Edition,1,0,1,0,1,0,0,Battle the endless hordes of foes as you and your friends fight for treasure and glory,https://youtu.be/mBkBn8LzdfU,Mature17+,Adventure/RPG,3 to 4,Very Positive
Mortal Kombat,1,1,1,0,1,0,0,Discover a reborn Mortal Kombat™ Universe created by the Fire God Liu Kang. Mortal Kombat™ 1 ushers in a new era of the iconic franchise with a new fighting system game modes and fatalities!,https://youtu.be/mBkBn8LzdfU,Mature17+,Fighting,2,Mostly Positive
Madden NFL 24,1,1,1,1,1,0,0,Experience the newest iteration of FieldSENSE in Madden NFL 24. More realistic character movement and smarter AI gives you control to play out your gameplay strategy with the confidence to dominate any opponent.,https://youtu.be/oCwfUE-dUrI,Everyone,Sports,2,Mixed
NBA 2K23,1,1,1,1,1,0,0,Showcase your talent in MyCAREER. Pair All-Stars with timeless legends in MyTEAM. Build your own dynasty in MyGM or guide the NBA in a new direction with MyLEAGUE. Take on NBA or WNBA teams in PLAY NOW and feel true-to-life gameplay.,https://youtu.be/MCU18y25WeQ,Everyone,Sports,2,Mixed
FIFA 22,1,1,1,1,1,0,0,FIFA 22 brings the game even closer to the real thing with fundamental gameplay advances and a new season of innovation across every mode.,https://youtu.be/vLj-27T-SEQ,Everyone,Sports,2,Very Positive
MLB Home Run Derby VR,1,0,1,0,0,0,0,Prepare to level up your Home Run Derby VR experience when we upgrade with a host of exciting new features! Prepare to GO BIG with MLB Home Run Derby VR in 2024!,https://youtu.be/XV5Dy1Tnxe4,Everyone,Sports,2,Mostly Positive
Tony Hawk's Pro Skater 1 + 2,1,0,1,1,1,0,0,Play the fully-remastered Tony Hawk’s Pro Skater & Tony Hawk’s Pro Skater 2 games in one epic collection rebuilt from the ground up in incredible HD.,https://youtu.be/4paYDD0WIVY,Teen13+,Sports,1,Very Positive
PGA TOUR 2K23,1,0,1,0,1,0,0,Hit the links with more swagger in PGA TOUR 2K23. Now featuring playable male and female pros including Tiger Woods new licensed courses more control options an authentic PGA TOUR MyCAREER Course Designer and new MyPLAYER Skills,https://youtu.be/tgTgzWFVtS0,Everyone,Sports,1,Mostly Positive
SOULCALIBUR VI,1,0,1,0,1,0,0,Bring more than your fists to the fight! Featuring all-new battle mechanics and characters SOULCALIBUR VI marks a new era of the historic franchise. Welcome back to the stage of history!,https://youtu.be/m1sdAmSq4vs,Teen13+,Fighting,2,Very Positive
Slay the Spire,1,1,1,1,1,1,1,We fused card games and roguelikes together to make the best single player deckbuilder we could. Craft a unique deck encounter bizarre creatures discover relics of immense power and Slay the Spire!,https://www.youtube.com/watch?v=9SZUtyYSOjQ,Everyone10+,Adventure/RPG,1,Overwhelmingly Positive
Cult of the Lamb,1,1,1,1,1,0,0,Start your own cult in a land of false prophets venturing out into diverse and mysterious regions to build a loyal community of woodland Followers and spread your Word to become the one true cult.,https://www.youtube.com/watch?v=xsPtUNB1z-Q,Teen13+,Adventure/RPG,1,Very Positive
The Binding of Isaac,1,1,0,0,0,0,0,When Isaac’s mother starts hearing the voice of God demanding a sacrifice be made to prove her faith Isaac escapes into the basement facing droves of deranged enemies lost brothers and sisters his fears and eventually his mother.,https://www.youtube.com/watch?v=27Le3kOOFQk,Mature17+,Adventure/RPG,1,Overwhelmingly Positive
Subway Surfers,0,0,0,0,0,1,1,Subway Surfers is an endless runner mobile game which is co-developed by Kiloo and SYBO Games private companies based in Denmark.,https://www.youtube.com/watch?v=tYysQOHTimo,Everyone10+,Adventure/RPG,1,Mixed
Clash of Clans,0,0,0,0,0,1,1,Join millions of players worldwide as you build your village raise a clan and compete in epic Clan Wars!,https://www.youtube.com/watch?v=MhezwNw8X_8,Everyone10+,Adventure/RPG,1,Mixed
Raid: Shadow Legends,0,0,0,0,0,1,1,The realm of Teleria trembles beneath the shadow of the Dark Lord Siroth. You have been called upon by the Arbiter the immortal guardian of Teleria to stop him. Heed the call!,https://www.youtube.com/watch?v=gmwbHdJLadE,Teen13+,Adventure/RPG,1,Mixed
Uno,1,1,0,0,0,1,1,One of the most iconic classic games which we all grew to know and love! UNO makes its return with an assortment of exciting new features such as added video chat support and an all new theme system which adds more fun!,https://www.youtube.com/watch?v=5kJj18VDLBg,Everyone,Puzzle/word/card,5+,Mostly Positive
Persona 5 Tactica,0,0,1,1,1,0,0,Join the Phantom Thieves as they lead an uprising of the heart! Assemble an all-star team of heroes in a brand-new story in this thrilling combat adventure set in Persona’s iconic universe.,https://www.youtube.com/watch?v=pQ5qzyjdews,Teen13+,Adventure/RPG,1,Mostly Positive
Yu-Gi-Oh! Master Duel,1,1,1,1,1,1,1,Yu-Gi-Oh! MASTER DUEL is the ultimate free-to-play cross-platform strategy card game with fast-paced Duels stunning HD graphics and a new dynamic soundtrack! Get ready to challenge Duelists around the world!,https://www.youtube.com/watch?v=P_X2mPSyxtM,Teen13+,Fighting,2,Mostly Positive
Plants Vs. Zombie,1,1,0,0,0,1,1,Zombies are invading your home and the only defense is your arsenal of plants! Armed with an alien nursery-worth of zombie-zapping plants like peashooters and cherry bombs you'll need to think fast and plant faster to stop dozens of types of zombies dead in their tracks.,https://www.youtube.com/watch?v=CHAbHz8iYHc,Everyone10+,Puzzle/word/card,1,Overwhelmingly Positive
Gang Beasts,1,1,1,1,1,0,0,Gang Beasts is a silly multiplayer party game with surly gelatinous characters brutal slapstick fight sequences and absurd hazardous environments set in the mean streets of Beef City.,https://www.youtube.com/watch?v=Vz0BriND6pE,Everyone10+,Party,5+,Very Positive
Nickelodeon All-Star Brawl 2,1,0,1,1,1,0,0,Nickelodeon All-Star Brawl 2 lets you duke it out with the biggest and best fighting character roster yet! Choose your favorite brawlers master their unique move sets and use all-new powerful Supers to land the finishing blow with friends or across a unique roguelike player campaign!,https://www.youtube.com/watch?v=Q2nESlbg9GU,Everyone10+,Fighting,3 to 4,Very Positive
Freddi Fish and the case of the Missing Kelp Seeds,1,1,1,1,0,0,0,Help underwater detective Freddi Fish and her finny friend Luther solve the case. Explore underwater caves deep canyons and colorful reefs and discover fascinating places like King Crab's Castle and A Sunken Ship Out of Time in an effort to save the reef.,https://www.youtube.com/watch?v=IhkhDAUcw6E,Everyone,Puzzle/word/card,1,Very Positive
Fall Guys,1,0,1,1,1,0,0,Fall Guys is a free cross-platform massively multiplayer party royale game. Clumsily compete in absurd obstacle courses with friends or build your very own chaotic course to share with the community.,https://www.youtube.com/watch?v=FcITAzKW3fY,Everyone,Party,5+,Very Positive
The Manhole,1,1,0,0,0,0,0,In 1988 you met Mr. Rabbit and a host of his friends in the World of the Manhole. Your friends are still here but they've done some remodeling.,https://youtu.be/NpWto81YDpI,Everyone,Puzzle/word/card,1,Very Positive
Tetris Effect: Connected,1,0,1,0,1,0,0,Tetris® Effect: Connected is Tetris like you've never seen it or heard it or felt it before—an incredibly addictive unique and breathtakingly gorgeous reinvention of one of the most popular puzzle games of all time,https://youtu.be/DVN1fBewyL8,Everyone,Puzzle/word/card,1,Overwhelmingly Positive
Hotel Transylvania: Scary-Tale Adventures,1,0,1,1,1,0,0,Explore classic fairy tales worlds with your favorite characters from the Sony Pictures Animation film,https://youtu.be/L00C4I8e-es,Everyone10+,Horror,1,Positive
Ghostbusters: Spirits Unleashed,1,0,1,1,1,0,0,In this asymmetrical game of hide and seek a 4v1 setup where players will either play as part of a team of new Ghostbusters or a singular Ghost.,https://youtu.be/tN5pcQxafpY,Everyone10+,Horror,5+,Mostly Positive
Luigi's Mansion 3,0,0,0,1,0,0,0,Luigi's Mansion 3 is a 2019 action-adventure video game developed by Next Level Games and published by Nintendo for the Nintendo Switch.,https://youtu.be/RSGgCfbYrg0,Everyone,Horror,1,Overwhelmingly Positive
Cuphead,1,1,1,1,1,0,0,Cuphead is a classic run and gun action game heavily focused on boss battles. Inspired by cartoons of the 1930s the visuals and audio are painstakingly created with the same techniques of the era traditional hand drawn cel animation watercolor backgrounds and original jazz recordings.,https://youtu.be/XwF67xkNSn8,Everyone10+,Adventure/RPG,2,Overwhelmingly Positive
The Legend of Zelda: Breath of the Wild,0,0,0,1,0,0,0,No kingdom. No memories. After a 100-year slumber Link wakes up alone in a world he no longer remembers. Now the legendary hero must explore a vast and dangerous land and regain his memories before Hyrule is lost forever.,https://youtu.be/zw47_q9wbBE,Everyone10+,Adventure/RPG,1,Overwhelmingly Positive
The Legend of Zelda: Skyward Sword,0,0,0,1,0,0,0,Bound by destiny yet separated by mysterious forces childhood friends Link and Zelda become tangled in a legendary conflict spanning the surface and sky.,https://youtu.be/r7qozxgX4c8,Everyone10+,Adventure/RPG,1,Very Positive
Survival Z,0,0,0,0,0,0,1,Blend of zombies tower defense play is a generic adventure.,https://youtu.be/h1ACHdouYdQ,Everyone,Horror,1,Very Positive
Cozy Grove,1,1,1,1,1,0,1,COZY GROVE is a life simulation game that takes place on a haunted island. But instead of trying to run away from the ghosts that inhabit it you're there to help them all with various missions.,https://youtu.be/35nCCbXBhw8,Everyone10+,Cozy,1,Very Positive
Ghosts 'n Goblins Resurrection,1,0,1,1,1,0,0,Players fight against a slew of supernatural creatures using a variety of medieval weapons combined with magical abilities. Violence is constant,https://youtu.be/3OU5QKtNXuw,Everyone10+,Shooter,1,Very Positive
CarX Drift Racing Online,1,1,1,1,1,0,0,CarX Drift Racing Online is your chance to immerse yourself in the real world of drifting. Get together with friends tune your car and burn some tires!,https://youtu.be/jcIwFzNuC1Y,Everyone,Racing,1,Overwhelmingly Positive
Skul: The Hero Slayer,1,1,1,1,1,1,1,Guide 'Skul' on his quest to single-handedly take on the Imperial Army and rescue his King from captivity in an action-packed rogue-lite 2D platformer for the ages.,https://youtu.be/jqk8JL76fXI,Everyone,Adventure/RPG,1,Very Positive
Balatro,1,1,1,1,1,0,0,The poker roguelike. Balatro is a hypnotically satisfying deckbuilder where you play illegal poker hands discover game-changing jokers and trigger adrenaline-pumping outrageous combos.,https://youtu.be/VUyP21iQ_-g,Everyone,Puzzle/word/card,1,Overwhelmingly Positive
Lies of P,1,1,1,0,1,0,0,Lies of P is a thrilling soulslike that takes the story of Pinocchio turns it on its head and sets it against the darkly elegant backdrop of the Belle Epoque era.,https://youtu.be/TYr1x25Z1Ak,Mature17+,Adventure/RPG,1,Very Positive
Hearts of Iron IV,1,1,0,0,0,0,0,Victory is at your fingertips! Your ability to lead your nation is your supreme weapon the strategy game Hearts of Iron IV lets you take command of any nation in World War II,https://youtu.be/e9BiUtINy4w,Everyone10+,Puzzle/word/card,1,Very Positive
Project Zomboid,1,1,0,0,0,0,0,Project Zomboid is the ultimate in zombie survival. Alone or in MP: you loot build craft fight farm and fish in a struggle to survive.,https://youtu.be/nPbsDmzZ3Oc,Teen13+,Adventure/RPG,1,Very Positive
Call of Duty: Black Ops III,1,1,1,1,1,0,0,Call of Duty: Black Ops III combines three unique game modes: Campaign Multiplayer and Zombies providing fans with the deepest and most ambitious Call of Duty ever.,https://youtu.be/qAUYNIDEJ6o,Mature17+,Shooter,5+,Very Positive
Fortnite,1,1,1,1,1,1,1,Fortnite is an online video game and game platform developed by Epic Games and released in 2017. It is available in six distinct game mode versions that otherwise share the same general gameplay,https://youtu.be/AfpMiVkhI5Q,Teen13+,Shooter,3 to 4,Overwhelmingly Positive
Counter-Strike 2,1,0,0,0,0,0,0,A free upgrade to CS:GO Counter-Strike 2 marks the largest technical leap in Counter-Strike’s history.,https://youtu.be/c80dVYcL69E,Mature17+,Shooter,5+,Very Positive
Rust,1,1,1,0,1,0,0,The only aim in Rust is to survive. Everything wants you to die - the island’s wildlife and other inhabitants the environment other survivors.,https://youtu.be/LGcECozNXEw,Mature17+,Shooter,1,Very Positive
Tom Clancy's Rainbow Six Siege,1,0,1,0,1,0,0,Tom Clancy's Rainbow Six® Siege is an elite tactical team-based shooter where superior planning and execution triumph.,https://youtu.be/-TKfvTHRM6E,Mature17+,Shooter,5+,Very Positive
Animal Crossing: New Horizons,0,0,0,1,0,0,0,In New Horizons the player controls a character who moves to a deserted island after purchasing a getaway package from Tom Nook accomplishes assigned tasks and develops the island as they choose,https://www.youtube.com/watch?v=_3YNL0OWio0,Everyone,Cozy,1,Overwhelmingly Positive
Fae Farm,0,0,0,1,0,0,0,Fae Farm places you in the sprawling land of Azoria where you can harvest crops catch critters reel in fish raise animals defeat monsters show off fashionable looks craft items and decorate to your heart's content not to mention befriend villagers and even date and marry one.,https://www.youtube.com/watch?v=npEtJClDmmA,Everyone,Cozy,1,Positive
Mario Kart 8 Delux,0,0,0,1,0,0,0,Players control their beloved Mario franchise characters in kart racing collecting various items to hinder opponents or gain advantages in each race,https://www.youtube.com/watch?v=tKlRN2YpxRE,Everyone,Racing,3 to 4,Overwhelmingly Positive
Bayonetta 2,0,0,0,1,0,0,0,a witch who shapeshifts and uses various firearms along with magical attacks she performs with her hair by summoning demons to dispatch her foes.,https://www.youtube.com/watch?v=-nzBjXXcn7o,Mature17+,Fighting,1,Overwhelmingly Positive
Mario Tennis Aces,0,0,0,1,0,0,0,Mario must advance through a number of missions and stop a powerful tennis racket Lucien from destroying the Kingdom of Bask the game's setting.,https://www.youtube.com/watch?v=jxrHwK-e1vk,Everyone,Sports,3 to 4,Overwhelmingly Positive
Super Mario Party,0,0,0,1,0,0,0,Four players take turns to navigate around a linear board dictated by how much they have rolled through the Dice Block.,https://www.youtube.com/watch?v=7pu9t5AL1Ss,Everyone,Party,3 to 4,Overwhelmingly Positive
Super Smash Bros Ultimate,0,0,0,1,0,0,0,Super Smash Bros. Ultimate is a platform fighter for up to eight players in which characters from Nintendo games and third-party franchises fight to knock each other out of an arena.,https://www.youtube.com/watch?v=WShCN-AYHqA,Everyone10+,Fighting,5+,Overwhelmingly Positive
Katamari Damacy REROLL,1,0,1,1,1,0,0,your father the creator of the universe has destroyed all the stars in the sky. In order to get them back you need to roll up larger Katamari's,https://www.youtube.com/watch?v=JHsFcSNFUMc,Everyone,Cozy,1,Positive
Devil May Cry,1,0,1,0,1,0,0,DmC: Devil May Cry is an action-adventure hack and slash video game. Players take on the role of Dante as he uses his powers and weaponry to fight against enemies and navigate the treacherous Limbo.,https://www.youtube.com/watch?v=-cWH5Sobjeg,Mature17+,Adventure/RPG,1,Very Positive
Dr Kawashima's Brain Training,0,0,0,1,0,0,0,Dr Kawashima's Brain Training for Nintendo Switch builds upon the previous installments by adding puzzles and mini-games to strengthen the player's memory and concentration skills.,https://www.youtube.com/watch?v=l5QusYYL9fs,Everyone,Puzzle/word/card,1,Mixed
Spyro Reignited Trilogy,0,0,1,0,0,0,0,Spyro the Dragon is a 3D platform game; the player controls the titular character as he ventures across the realms of the Dragon World to defeat the antagonistic Gnasty Gnorc as well as rescue his fellow dragons and recover all of their stolen treasure.,https://www.youtube.com/watch?v=orzNU1R4wb8,Everyone,Adventure/RPG,1,Overwhelmingly Positive
Crash Bandacoot,0,0,1,0,0,0,0,The player controls Crash a genetically enhanced bandicoot created by the mad scientist Doctor Neo Cortex. The story follows Crash as he aims to foil Cortex's plans for world domination and rescue his girlfriend Tawna a female bandicoot also created by Cortex.,https://www.youtube.com/watch?v=F7G91RjVmvk,Everyone,Adventure/RPG,1,Overwhelmingly Positive
Ace Angler: Fishing Spirits,0,0,0,1,0,1,1,This story-based attraction involves clearing short missions in the quest to create sustainable oceans. Learn all about the seas and fish that appear,https://youtu.be/QtZqW_fU9T4,Teen13+,Sports,1,Very Positive
Fitness Boxing 2: Rhythm & Exercise,0,0,0,1,0,0,0,Fitness Boxing 2: Rhythm & Exercise is a way to get in a guided workout track your activity and listen to some popular upbeat jams.,https://youtu.be/wyc2Y-LGWjQ,Everyone,Sports,1,Overwhelmingly Positive
Mario Golf: Super Rush,0,0,0,1,0,0,0,Hit the green with up to four players locally or online and golf with friends from the Super Mario series like Mario Peach Yoshi and more!,https://youtu.be/5R-EuaUbPvc,Everyone,Sports,3 to 4,Positive
Coffee Talk,1,0,1,1,1,0,0,Coffee Talk is a coffee brewing and heart-to-heart talking simulator about listening to fantasy-inspired modern peoples’ problems and helping them by serving up a warm drink or two.,Coffee Talk - Announcement Trailer (youtube.com),Mature17+,Cozy,1,Overwhelmingly Positive
Dying Light,1,0,1,1,1,0,0,First-person action survival game set in a post-apocalyptic open world overrun by flesh-hungry zombies. Roam a city devastated by a mysterious virus epidemic. Scavenge for supplies craft weapons and face hordes of the infected.,https://www.youtube.com/watch?v=CWX6DbAMTR4,Mature17+,Horror,3 to 4,Overwhelmingly Positive
Apex Legends,1,0,1,1,1,0,0,"Apex Legends is an online multiplayer battle royale game featuring squads of three players using pre-made characters with distinctive abilities called ""Legends"" similar to those of hero shooters",https://www.youtube.com/watch?v=M82iTOsGoF8,Teen13+,Shooter,3 to 4,Mostly Positive
Overwatch 2,1,0,1,1,1,0,0,Overwatch 2 is a critically acclaimed team-based shooter game set in an optimistic future with an evolving roster of heroes. Team up with friends and jump in today.,Overwatch 2 Launch Trailer (youtube.com),Teen13+,Shooter,5+,Mixed
PUBG: Battlegrounds,1,0,1,0,1,1,1,Parachute into a treacherous battleground with only your wits for protection as you loot gear and outsmart your enemies in a fierce battle royale,https://www.youtube.com/watch?v=JVBTAM7B57Q,Teen13+,Shooter,3 to 4,Mixed
Hellblade: Senua's Sacrafice,1,0,1,0,1,0,0,Hellblade: Senua's Sacrifice tells of a warrior's brutal journey into myth and madness. Set in the Viking age a broken Celtic warrior embarks on a haunting vision quest into Viking Hell to fight for the soul of her dead lover.,https://www.youtube.com/watch?v=fBJ0ifVtK5c,Mature17+,Horror,1,Very Positive
Minecraft,1,0,0,1,1,0,0,Minecraft is a game made up of blocks creatures and community. Blocks can be used to reshape the world or build fantastical creations. Creatures can be battled or befriended depending on your playstyle. Experience epic adventures solo or with friends there’s no wrong way to play.,https://www.youtube.com/watch?v=MmB9b5njVbA,Everyone10+,City Builder,5+,Very Positive
Unpacking,1,0,1,1,0,0,0,A game about taking things out of boxes and discovering a life in the process.,https://youtu.be/m8veArgF8rw,Everyone,Cozy,1,Overwhelmingly Positive
Nancy Drew: The Secret of Shadow Ranch,1,0,0,0,0,0,0,Take a Wild Ride into Terror and Trickery to Rein in a Ghostly Secret!,https://youtu.be/yi7VhQ9IlY0,Everyone,Puzzle/word/card,1,Very Positive
7 Days to End with You,1,1,1,1,1,1,1,Deduce the meanings of words the person before you uses to communicate with you. Then try to understand them like a puzzle one piece at a time,https://youtu.be/bF--XrOP9dU,Teen13+,Puzzle/word/card,1,Very Positive
Anno 1404 - History Edition,1,0,0,0,0,0,0,Relive the captivating gameplay of a true city-building classic with Anno 1404 History Edition.,https://youtu.be/kfOIkuhZG1o,Teen13+,City Builder,5+,Very Positive
Anno 1800,1,0,0,0,0,0,0,Welcome to the dawn of the Industrial Age. The path you choose will define your world. Are you an innovator or an exploiter? A conqueror or a liberator?,https://youtu.be/7ZwaZMuc1TQ,Teen13+,City Builder,5+,Very Positive
ARK: Survival Evolved,1,0,0,0,0,0,0,Stranded on the shores of a mysterious island you must learn to survive. Use your cunning to kill or tame the primeval creatures roaming the land and escape!,https://youtu.be/5fIAPcVdZO8,Teen13+,Adventure/RPG,5+,Very Positive
Caesar 3,1,0,0,0,0,0,0,Prove your strength of mind and spirit and you just may be crowned Caesar!,https://youtu.be/pTu16-_mZfw,Everyone,City Builder,1,Very Positive
Castle Crashers,1,1,1,1,1,0,0,Hack slash and smash your way to victory in this award winning 2D arcade adventure from The Behemoth!,https://youtu.be/bu6Kwvd695w,Teen13+,Fighting,5+,Overwhelmingly Positive
Crab Game,1,1,0,0,0,0,0,Crab Game is a First-Person Multiplayer game where you play through several different minigames based on children's games until only one player stands victorious.,https://youtu.be/eHsIvXz6ryc,Teen13+,Party,5+,Very Positive
Fallout 3: Game of the Year Edition,1,0,1,0,1,0,0,Create a character of your choosing and descend into an awe-inspiring post-apocalyptic world where every minute is a fight for survival.,https://youtu.be/KP3HIdf6hiI,Mature17+,Adventure/RPG,1,Mostly Positive
Fallout 4,1,0,1,0,1,0,0,As the sole survivor of Vault 111 you enter a world destroyed by nuclear war. Every second is a fight for survival and every choice is yours.,https://youtu.be/WxYkD7MS4Bs,Mature17+,Adventure/RPG,1,Very Positive
Fallout: New Vegas,1,0,1,0,1,0,0,Welcome to Vegas. New Vegas. Enjoy your stay!,https://youtu.be/JanHMbRjNJ8,Mature17+,Adventure/RPG,1,Overwhelmingly Positive
Putt-Putt Joins the Parade,1,1,0,0,0,0,0,What does it take to be in a parade? Hard work a bright shiny chassis and a little help from your friends.,https://youtu.be/IliVM2j_GXA,Everyone,Adventure/RPG,1,Very Positive
Putt-Putt Saves The Zoo,1,1,1,0,0,0,0,Today's the grand opening of the Cartown Zoo and there's still so much to do: zoo chow is running low and all the baby animals are missing.,https://youtu.be/UL70R5oLvpA,Everyone,Adventure/RPG,1,Overwhelmingly Positive
Stray,1,1,1,0,1,0,0,Lost alone and separated from family a stray cat must untangle an ancient mystery to escape a long-forgotten cybercity and find their way home.,https://youtu.be/kJawWyRUOBM,Everyone10+,Adventure/RPG,1,Overwhelmingly Positive
We Were Here Together,1,1,1,0,1,0,0,Through the fierce blizzard a flare lights the sky followed by a cry for help over the radio. No one else can come to their rescue. Can we make it back - together?,https://youtu.be/XhE5mPCHdY4,Teen13+,Puzzle/word/card,2,Overwhelmingly Positive
To the Moon,1,1,0,1,0,0,0,A story-driven experience about two doctors traversing backwards through a dying man's memories to artificially fulfill his last wish.,https://youtu.be/RGEovo2mdIc,Everyone,Cozy,1,Overwhelmingly Positive
This Bed We Made,1,0,1,0,1,0,0,This Bed We Made is a third-person mystery game in which you play as a maid in a 1950s hotel and snoop around strangers' rooms to uncover their deadly secrets.,https://youtu.be/I9fUfh6rSf0,Mature17+,Cozy,1,Overwhelmingly Positive
Two Point Hospital,1,1,1,1,1,0,0,Design stunning hospitals cure peculiar illnesses and manage troublesome staff as you spread your budding healthcare organisation across Two Point County.,https://youtu.be/SjrcU1gwkjc,Everyone10+,Cozy,2,Very Positive
Far Cry 4,1,0,1,0,1,0,0,Traveling to Kyrat to fulfill your mother’s dying wish you find yourself caught up in a civil war to overthrow the oppressive regime of dictator Pagan Min.,https://youtu.be/xI6uV47jKME,Mature17+,Adventure/RPG,1,Very Positive
Far Cry 5,1,0,1,0,1,0,0,Discover the open world of Hope County Montana besieged by a fanatical doomsday cult.,https://youtu.be/RARURPrkBqc,Mature17+,Adventure/RPG,2,Very Positive
Palworld,1,0,1,0,1,0,0,"Fight farm build and work alongside mysterious creatures called ""Pals"" in this completely new multiplayer open world survival and crafting game!",https://youtu.be/D9w97KSEAOo,Teen13+,Adventure/RPG,5+,Very Positive
Untitled Goose Game,1,1,1,1,1,0,0,It's a lovely morning in the village and you are a horrible goose.,https://youtu.be/9LL2AtHo1gk,Everyone,Cozy,2,Overwhelmingly Positive
DAVE THE DIVER,1,1,1,1,0,0,0,DAVE THE DIVER is a casual singleplayer adventure RPG featuring deep-sea exploration and fishing during the day and sushi restaurant management at night.,https://youtu.be/p85VHMpE0to,Everyone10+,Cozy,1,Overwhelmingly Positive
Journey,1,0,1,0,0,0,1,Explore the ancient mysterious world of Journey as you soar above ruins and glide across sands to discover its secrets.,https://youtu.be/2FZkTXs3Td8,Everyone,Cozy,1,Very Positive
Flower,1,0,1,0,0,0,1,Part of the first permanent video game collection at the Smithsonian Flower lets you take control of the wind as you explore and navigate beautiful lush environments.,https://youtu.be/0IS9sGGuvYo,Everyone,Cozy,1,Very Positive
